query,link
землетрясение,https://www.instagram.com/reel/DMuCrHfI9FR/
землетрясение,https://www.instagram.com/reel/DMt2WhPItM8/
землетрясение,https://www.instagram.com/reel/DMubzyisRrz/
землетрясение,https://www.instagram.com/reel/DMuGxygIJCx/
землетрясение,https://www.instagram.com/reel/DMu38S0N-lr/
толчки,https://www.instagram.com/explore/tags/толчки/
толчки,https://www.instagram.com/p/CuoHAlzoHME/
толчки,https://www.instagram.com/p/CzXu3mOoCPw/
толчки,https://www.instagram.com/p/Cwwa4CFID2u/
толчки,https://www.instagram.com/p/CydQrr8LpGY/
афтершок,https://www.instagram.com/p/C2b9x0ZoHpV/
афтершок,https://www.instagram.com/p/C2aYujmNr-f/
афтершок,https://www.instagram.com/reel/C3wet0EofQ0/
афтершок,https://www.instagram.com/p/CZbmimHoFS5/
афтершок,https://www.instagram.com/reel/C4FijL4t8Ao/
трясло,https://www.instagram.com/p/Cbt149wNab2/
трясло,https://www.instagram.com/reel/DJyynKbIRFa/
трясло,https://www.instagram.com/reels/DMcyTA5oeFs/
трясло,https://www.instagram.com/reel/C4LVbZ5IRH7/
трясло,https://www.instagram.com/reels/DKbruKnIAe1/
трясёт,https://www.instagram.com/pi_ka_chuka/
трясёт,https://www.instagram.com/reel/CWgaKc6Ig9S/
трясёт,https://www.instagram.com/reel/C7oZvTKiz2j/
трясёт,https://instagram.com/dijontalton
трясёт,https://www.instagram.com/dimakrasilove/
эпицентр,https://www.instagram.com/p/Cb7xo-tKuOQ/
эпицентр,https://www.instagram.com/p/B7socWQnhLi/
эпицентр,https://www.instagram.com/p/B6aWXomIXZS/
эпицентр,https://www.instagram.com/p/BU7b8WbDlYc/
эпицентр,https://www.instagram.com/p/B3mc9RIIHHR/
магнитуда,https://www.instagram.com/reel/DMuGxygIJCx/
магнитуда,https://www.instagram.com/p/DN-TFifjNfe/
магнитуда,https://www.instagram.com/reel/DMuB7EhOd3L/
магнитуда,https://www.instagram.com/reel/DMuCrHfI9FR/
магнитуда,https://www.instagram.com/reel/DMvdOSMyZKA/
